{
  "miracl": {
    "hindi": {
      "accuracy_at_1": 0.3364485981308411,
      "recall_at_5": 0.5607476635514018,
      "recall_at_10": 0.6542056074766355,
      "mrr": 0.4379876872867527,
      "ndcg_at_10": 0.4675125569253146
    },
    "hinglish": {
      "accuracy_at_1": 0.2897196261682243,
      "recall_at_5": 0.5607476635514018,
      "recall_at_10": 0.6542056074766355,
      "mrr": 0.41976338822133213,
      "ndcg_at_10": 0.45172873126366353
    }
  },
  "phinc": {
    "hinglish": {
      "accuracy_at_1": 0.566,
      "recall_at_5": 0.722,
      "recall_at_10": 0.752,
      "mrr": 0.6345626984126985,
      "ndcg_at_10": 0.6634320099427695
    }
  }
}