{
  "miracl": {
    "hindi": {
      "accuracy_at_1": 0.3364485981308411,
      "accuracy_at_3": 0.4953271028037383,
      "accuracy_at_5": 0.5607476635514018,
      "recall_at_3": 0.4953271028037383,
      "recall_at_5": 0.5607476635514018,
      "recall_at_10": 0.6542056074766355,
      "mrr": 0.4428482083855917,
      "ndcg_at_5": 0.42753480157416224,
      "ndcg_at_10": 0.4675125569253146,
      "precision_at_5": 0.13457943925233642,
      "precision_at_10": 0.08598130841121494,
      "recall_prf_5": 0.5079439252336448,
      "recall_prf_10": 0.6121495327102804,
      "f1_at_5": 0.20550363447559708,
      "f1_at_10": 0.14643145016976794
    },
    "hinglish": {
      "accuracy_at_1": 0.27102803738317754,
      "accuracy_at_3": 0.5046728971962616,
      "accuracy_at_5": 0.5607476635514018,
      "recall_at_3": 0.5046728971962616,
      "recall_at_5": 0.5607476635514018,
      "recall_at_10": 0.6542056074766355,
      "mrr": 0.40982640153200905,
      "ndcg_at_5": 0.4024554463397197,
      "ndcg_at_10": 0.44243320169087225,
      "precision_at_5": 0.13457943925233642,
      "precision_at_10": 0.08598130841121494,
      "recall_prf_5": 0.5079439252336448,
      "recall_prf_10": 0.6121495327102804,
      "f1_at_5": 0.20550363447559708,
      "f1_at_10": 0.14643145016976794
    }
  },
  "phinc": {
    "hinglish": {
      "accuracy_at_1": 0.566,
      "accuracy_at_3": 0.689,
      "accuracy_at_5": 0.722,
      "recall_at_3": 0.689,
      "recall_at_5": 0.722,
      "recall_at_10": 0.752,
      "mrr": 0.6358795135420138,
      "ndcg_at_5": 0.6535376619929116,
      "ndcg_at_10": 0.6634320099427695,
      "precision_at_5": 0.14439999999999997,
      "precision_at_10": 0.07519999999999999,
      "recall_prf_5": 0.722,
      "recall_prf_10": 0.752,
      "f1_at_5": 0.24066666666666672,
      "f1_at_10": 0.13672727272727275
    }
  }
}